{
  "world_info": {
    "time_step": 3,
    "time_of_day": "night",
    "season": "봄",
    "year": 0,
    "month": 1,
    "day": 1
  },
  "fields": {
    "value_mass": {
      "mean": 0.0,
      "max": 0.0,
      "min": 0.0
    },
    "will": {
      "mean": 0.0,
      "max": 0.0,
      "min": 0.0
    },
    "threat": {
      "mean": 0.0007423541392199695,
      "max": 0.2213120013475418,
      "min": 0.0
    },
    "coherence": {
      "mean": 0.0,
      "max": 0.0,
      "min": 0.0
    }
  },
  "cells_l1": [
    {
      "id": "human_1",
      "position": {
        "x": 9.377723693847656,
        "y": -9.663981437683105,
        "z": -6.787116050720215
      },
      "hp": 50.0
    },
    {
      "id": "tree_1",
      "position": {
        "x": -0.3060658872127533,
        "y": -0.4532131552696228,
        "z": 1.563880443572998
      },
      "hp": 50.0
    },
    {
      "id": "wolf_1",
      "position": {
        "x": 5.6902289390563965,
        "y": 9.413860321044922,
        "z": 1.2048684358596802
      },
      "hp": 50.0
    }
  ]
}